{"farPlane": 1440.4136117154958, "targetPosition": [3.797056198120117, 16.55848503112793, 2.606588363647461], "nearPlane": 35.48755041887675, "upVector": [0.0, 1.0, 0.0], "eyePosition": [3.797056198120117, 16.55848503112793, 712.3575967411819]}