{"farPlane": 786.656, "nearPlane": 0.00786897, "upVector": [0, 0, -1.0], "targetPosition": [0.6283, 3.3678, 61.481], "eyePosition": [-110.59325009097213, 3.3678, 61.481]}