{"farPlane": 704.661, "nearPlane": 0.00786897, "upVector": [-1, 0, 0], "targetPosition": [3.94732, 16.4594, 2.43721], "eyePosition": [3.94732, 16.4594, 218.314]}