{"farPlane": 704.661, "nearPlane": 0.00786897, "upVector": [-0.895873, 0.103424, 0.432105], "targetPosition": [0.94732, 0.4594, 2.43721], "eyePosition": [-3.94732, 16.4594, 180.314]}