{"farPlane": 616.39, "targetPosition": [8.30458, 10.4968, -5.83403], "nearPlane": 54.1767, "upVector": [-1, 0, 0], "eyePosition": [8.30458, -313.502, -5.83403]}