{"farPlane": 616.39, "targetPosition": [8.30458, 10.4968, -5.83403], "nearPlane": 54.1767, "upVector": [-1, 0, 0], "eyePosition": [20.384308874019666, -35.08965462339085, 161.91946307777664]}