{"farPlane": 699.0090995347459, "targetPosition": [3.9551143646240234, 16.91867446899414, 2.7563438415527344], "nearPlane": 0.0071, "upVector": [-0.895873, 0.103424, 0.432105], "eyePosition": [3.9551143646240234, 16.91867446899414, 182.37052783669185]}