{"farPlane": 717.0090995347459, "targetPosition": [3.9551143646240234, 16.91867446899414, 2.7563438415527344], "nearPlane": 17.664993140566406, "upVector": [-0.895873, 0.103424, 0.432105], "eyePosition": [3.9551143646240234, 16.91867446899414, 356.0562066528805]}