{
	"metadata" : {
		"formatVersion" : 3,
		"description" : "Exported from LibZinc."
	},

	"materials" : [ {
	"DbgColor" : 15658734,
	"DbgIndex" : 0,
	"DbgName" : "my_material",
	"colorDiffuse" : [1, 1, 1],
	"colorSpecular" : [0, 0, 0],
	"shading" : "Phong",
	"specularCoef" : 0,
	"opacity" : 1,
	"vertexColors" : true
	}],

	"vertices" : [
		-0.500000,0.000000,0.000000,-0.000000,0.000000,0.500000,0.500000,0.000000,0.000000,-0.500000,0.000000,-0.000000,-0.000000,0.433013,-0.250000,0.500000,0.000000,-0.000000,-0.500000,-0.000000,-0.000000,-0.000000,-0.433013,-0.250000,0.500000,-0.000000,-0.000000,-0.500000,-0.000000,0.000000,
		-0.000000,-0.000000,0.500000,0.500000,-0.000000,0.000000
	],

	"normals" : [
		-1.000000,0.000000,0.000000,-0.000000,0.000000,1.000000,1.000000,0.000000,0.000000,-1.000000,0.000000,-0.000000,-0.000000,0.866025,-0.500000,1.000000,0.000000,-0.000000,-1.000000,-0.000000,-0.000000,-0.000000,-0.866025,-0.500000,1.000000,-0.000000,-0.000000,-1.000000,-0.000000,0.000000,
		-0.000000,-0.000000,1.000000,1.000000,-0.000000,0.000000
	],

	"faces": [
		32 ,0,1,3 ,0,1,3,
		32 ,3,1,4 ,3,1,4,
		32 ,3,4,6 ,3,4,6,
		32 ,6,4,7 ,6,4,7,
		32 ,6,7,9 ,6,7,9,
		32 ,9,7,10 ,9,7,10,
		32 ,1,2,4 ,1,2,4,
		32 ,4,2,5 ,4,2,5,
		32 ,4,5,7 ,4,5,7,
		32 ,7,5,8 ,7,5,8,
		32 ,7,8,10 ,7,8,10,
		32 ,10,8,11 ,10,8,11
	]

}
