{"farPlane": 603.978, "nearPlane": 14.880, "upVector": [-1, 0, 0], "targetPosition": [9.70448, 6.70547, -5.24319], "eyePosition": [-35.7442, 20, 180]}